categoria,certificacion,codigo,version,nombre_pdf,url_pdf_oficial,url_ficha_oficial,fecha_verificacion,estado_certificacion,estado_url,clasificacion_licencia,ruta_local_historica_no_utilizada
"Foundation","Certified Tester Foundation Level","CTFL","v4.0.1","ISTQB_CTFL_Syllabus_v4.0.1.pdf","https://istqb.org/wp-content/uploads/2024/11/ISTQB_CTFL_Syllabus_v4.0.1.pdf","https://istqb.org/certifications/certified-tester-foundation-level-ctfl-v4-0/","2026-08-20","Vigente","OK","NO_INCLUIDO_REQUIERE_PERMISO","pdfs/foundation/ISTQB_CTFL_Syllabus_v4.0.1.pdf"
"Core Advanced","Certified Tester Advanced Level Test Analyst","CTAL-TA","v4.0","ISTQB_CTAL-TA_Syllabus_v4.0.pdf","https://istqb.org/wp-content/uploads/sdm-uploads/ISTQB-CTAL-TA-Syllabus-v4.0-EN-4.pdf","https://istqb.org/certifications/certified-tester-advanced-level-test-analyst/","2026-08-20","Vigente","OK","NO_INCLUIDO_REQUIERE_PERMISO","pdfs/core-advanced/ISTQB_CTAL-TA_Syllabus_v4.0.pdf"
"Core Advanced","Certified Tester Advanced Level Test Management","CTAL-TM","v3.0","ISTQB_CTAL-TM_Syllabus_v3.0.pdf","https://istqb.org/wp-content/uploads/2024/11/ISTQB_CTAL-TM_Syllabus_v3.0_zKjKsaN.pdf","https://istqb.org/certifications/certified-tester-advanced-level-test-management-ctal-tm-v3-0/","2026-08-20","Vigente","OK","NO_INCLUIDO_REQUIERE_PERMISO","pdfs/core-advanced/ISTQB_CTAL-TM_Syllabus_v3.0.pdf"
"Core Advanced","Certified Tester Advanced Level Technical Test Analyst","CTAL-TTA","v4.0","ISTQB_CTAL-TTA_Syllabus_v4.0.pdf","https://istqb.org/?download_id=3463&sdm_process_download=1","https://istqb.org/certifications/certified-tester-advanced-level-technical-test-analyst-ctal-tta/","2026-08-20","Vigente","OK","NO_INCLUIDO_REQUIERE_PERMISO","pdfs/core-advanced/ISTQB_CTAL-TTA_Syllabus_v4.0.pdf"
"Core Advanced","Certified Tester Advanced Level Test Automation Engineering","CTAL-TAE","v2.0","ISTQB_CTAL-TAE_Syllabus_v2.0.pdf","https://istqb.org/?download_id=3435&sdm_process_download=1","https://istqb.org/certifications/certified-tester-advanced-level-test-automation-engineering-ctal-tae-v2-0/","2026-08-20","Vigente","OK","NO_INCLUIDO_REQUIERE_PERMISO","pdfs/core-advanced/ISTQB_CTAL-TAE_Syllabus_v2.0.pdf"
"Core Advanced","Certified Tester Advanced Level Agile Tester","CTAL-AT","v2.0","ISTQB_CTAL-AT_Syllabus_v2.0.pdf","https://istqb.org/?download_id=9324&sdm_process_download=1","https://istqb.org/certifications/certified-tester-advanced-level-agile-tester-ctal-at/","2026-08-20","Vigente; nuevo en 2026","OK","NO_INCLUIDO_REQUIERE_PERMISO","pdfs/core-advanced/ISTQB_CTAL-AT_Syllabus_v2.0.pdf"
"Core Expert","Expert Level Operational Test Management","CTEL-TM-OTM","v1.0 (2011)","ISTQB_CTEL-TM_Syllabus_v1.0_2011.pdf","https://www.istqb.org/wp-content/uploads/2024/11/ISTQB-CTEL-TM_Syllabus_v1.0_2011.pdf","https://istqb.org/certifications/certified-tester-expert-level-test-management-operational-test-management-ctel-tm-otm/","2026-08-20","Vigente","OK","INCLUIDO_PERMITIDO_CON_ATRIBUCION","pdfs/core-expert/ISTQB_CTEL-TM_Syllabus_v1.0_2011.pdf"
"Core Expert","Expert Level Strategic Test Management","CTEL-TM-SM","v1.0 (2011)","ISTQB_CTEL-TM_Syllabus_v1.0_2011.pdf","https://www.istqb.org/wp-content/uploads/2024/11/ISTQB-CTEL-TM_Syllabus_v1.0_2011.pdf","https://istqb.org/certifications/certified-tester-expert-level-test-management-strategic-test-management-ctel-tm-sm/","2026-08-20","Vigente","OK","INCLUIDO_PERMITIDO_CON_ATRIBUCION","pdfs/core-expert/ISTQB_CTEL-TM_Syllabus_v1.0_2011.pdf"
"Core Expert","Expert Level Managing the Test Team","CTEL-TM-MTT","v1.0 (2011)","ISTQB_CTEL-TM_Syllabus_v1.0_2011.pdf","https://www.istqb.org/wp-content/uploads/2024/11/ISTQB-CTEL-TM_Syllabus_v1.0_2011.pdf","https://istqb.org/certifications/certified-tester-expert-level-test-management-managing-the-test-team-ctel-tm-mtt/","2026-08-20","Vigente","OK","INCLUIDO_PERMITIDO_CON_ATRIBUCION","pdfs/core-expert/ISTQB_CTEL-TM_Syllabus_v1.0_2011.pdf"
"Core Expert","Expert Level Assessing Test Processes","CTEL-ITP-ATP","v1.0 (2011)","ISTQB_CTEL-ITP_Syllabus_v1.0_2011.pdf","https://istqb.org/wp-content/uploads/2024/11/ISTQB-CTEL-ITP_Syllabus_v1.0_2011.pdf","https://istqb.org/certifications/certified-tester-expert-level-assessing-test-processes-ctel-itp-atp/","2026-08-20","Vigente","OK","INCLUIDO_PERMITIDO_CON_ATRIBUCION","pdfs/core-expert/ISTQB_CTEL-ITP_Syllabus_v1.0_2011.pdf"
"Core Expert","Expert Level Implementing Test Process Improvement","CTEL-ITP-ITPI","v1.0 (2011)","ISTQB_CTEL-ITP_Syllabus_v1.0_2011.pdf","https://istqb.org/wp-content/uploads/2024/11/ISTQB-CTEL-ITP_Syllabus_v1.0_2011.pdf","https://istqb.org/certifications/certified-tester-expert-level-implementing-test-process-improvement-ctel-itp-itpi/","2026-08-20","Vigente","OK","INCLUIDO_PERMITIDO_CON_ATRIBUCION","pdfs/core-expert/ISTQB_CTEL-ITP_Syllabus_v1.0_2011.pdf"
"Testing Specialist","Advanced Level Agile Technical Tester","CTAL-ATT","v1.1","ISTQB_CTAL-ATT_Syllabus_v1.1.pdf","https://istqb.org/wp-content/uploads/2024/11/ISTQB-CTAL-ATT_Syllabus_v1.1.pdf","https://istqb.org/certifications/certified-tester-advanced-level-agile-technical-tester-ctal-att/","2026-08-20","En retiro: EN 2027-05-06; otros idiomas 2027-11-06","OK","INCLUIDO_PERMITIDO_CON_ATRIBUCION","pdfs/testing-specialist/ISTQB_CTAL-ATT_Syllabus_v1.1.pdf"
"Testing Specialist","Agile Test Leadership at Scale","CT-ATLaS","v2.0","ISTQB_CT-ATLaS_Syllabus_v2.0.pdf","https://istqb.org/?download_id=3532&sdm_process_download=1","https://istqb.org/certifications/certified-tester-agile-test-leadership-at-scale-ct-atlas/","2026-08-20","Vigente","OK","NO_INCLUIDO_REQUIERE_PERMISO","pdfs/testing-specialist/ISTQB_CT-ATLaS_Syllabus_v2.0.pdf"
"Testing Specialist","AI Testing","CT-AI","v2.0","ISTQB_CT-AI_Syllabus_v2.0.pdf","https://istqb.org/wp-content/uploads/2026/05/ISTQB-_CTAI_Syllabus_v2.0_Release.pdf","https://istqb.org/certifications/certified-tester-ai-testing-ct-ai/","2026-08-20","Vigente; actualizado en 2026","OK","NO_INCLUIDO_REQUIERE_PERMISO","pdfs/testing-specialist/ISTQB_CT-AI_Syllabus_v2.0.pdf"
"Testing Specialist","Testing with Generative AI","CT-GenAI","v1.1","ISTQB_CT-GenAI_Syllabus_v1.1.pdf","https://istqb.org/?download_id=6295&sdm_process_download=1","https://istqb.org/certifications/gen-ai/","2026-08-20","Vigente; actualizado en 2026","OK","NO_INCLUIDO_AMBIGUO","pdfs/testing-specialist/ISTQB_CT-GenAI_Syllabus_v1.1.pdf"
"Testing Specialist","Mobile Application Testing","CT-MAT","v1.0 (2019)","ISTQB_CT-MAT_Syllabus_v1.0_2019.pdf","https://www.istqb.org/wp-content/uploads/2024/11/ISTQB-CT-MAT_Syllabus_v1.0_2019.pdf","https://istqb.org/certifications/certified-tester-mobile-application-testing-ct-mat/","2026-08-20","Vigente","OK","INCLUIDO_PERMITIDO_CON_ATRIBUCION","pdfs/testing-specialist/ISTQB_CT-MAT_Syllabus_v1.0_2019.pdf"
"Testing Specialist","Model-Based Tester","CT-MBT","v1.1","ISTQB_CT-MBT_Syllabus_v1.1.pdf","https://istqb.org/wp-content/uploads/2024/11/ISTQB_CT-MBT_-_Syllabus_Version_v1.1.pdf","https://istqb.org/certifications/certified-tester-model-based-tester-ct-mbt/","2026-08-20","Vigente","OK","NO_INCLUIDO_REQUIERE_PERMISO","pdfs/testing-specialist/ISTQB_CT-MBT_Syllabus_v1.1.pdf"
"Testing Specialist","Quality in DevOps","CT-QDO","v1.0","ISTQB_CT-QDO_Syllabus_v1.0.pdf","https://istqb.org/wp-content/uploads/2026/05/ISTQB-CT-QDO-Syllabus-v1.0-EN-1.pdf","https://istqb.org/certifications/certified-tester-quality-in-devops-ct-qdo/","2026-08-20","Vigente; nuevo en 2026","OK","NO_INCLUIDO_REQUIERE_PERMISO","pdfs/testing-specialist/ISTQB_CT-QDO_Syllabus_v1.0.pdf"
"Testing Specialist","Test Automation Strategy","CT-TAS","v1.0","ISTQB_CT-TAS_Syllabus_v1.0.pdf","https://istqb.org/wp-content/uploads/2024/11/ISTQB_CT-TAS_Syllabus_v1.0.pdf","https://istqb.org/certifications/certified-tester-test-automation-strategy-ct-tas/","2026-08-20","Vigente","OK","NO_INCLUIDO_REQUIERE_PERMISO","pdfs/testing-specialist/ISTQB_CT-TAS_Syllabus_v1.0.pdf"
"Testing Specialist","Acceptance Testing","CT-AcT","v1.0 (2019)","ISTQB_CT-AcT_Syllabus_v1.0_2019.pdf","https://istqb.org/?download_id=3585&sdm_process_download=1","https://istqb.org/certifications/certified-tester-acceptance-testing-ct-act/","2026-08-20","Vigente","OK","INCLUIDO_PERMITIDO_CON_ATRIBUCION","pdfs/testing-specialist/ISTQB_CT-AcT_Syllabus_v1.0_2019.pdf"
"Testing Specialist","Performance Testing","CT-PT","v1.0 (2018)","ISTQB_CT-PT_Syllabus_v1.0_2018.pdf","https://istqb.org/?download_id=3591&sdm_process_download=1","https://istqb.org/certifications/certified-tester-performance-testing-ct-pt/","2026-08-20","Vigente","OK","INCLUIDO_PERMITIDO_CON_ATRIBUCION","pdfs/testing-specialist/ISTQB_CT-PT_Syllabus_v1.0_2018.pdf"
"Testing Specialist","Security Test Engineer","CT-STE","v1.0.1","ISTQB_CT-STE_Syllabus_v1.0.1.pdf","https://istqb.org/wp-content/uploads/2025/02/ISTQB_STE_v1.0.1-Syllabus.pdf","https://istqb.org/certifications/certified-tester-security-test-engineer/","2026-08-20","Vigente","OK","NO_INCLUIDO_REQUIERE_PERMISO","pdfs/testing-specialist/ISTQB_CT-STE_Syllabus_v1.0.1.pdf"
"Testing Specialist","Security Tester","CT-SEC","v1.0 (2016)","ISTQB_CT-SEC_Syllabus_v1.0_2016.pdf","https://istqb.org/?download_id=3599&sdm_process_download=1","https://istqb.org/certifications/certified-tester-security-tester-ct-sec/","2026-08-20","Vigente","OK","INCLUIDO_PERMITIDO_CON_ATRIBUCION","pdfs/testing-specialist/ISTQB_CT-SEC_Syllabus_v1.0_2016.pdf"
"Testing Specialist","Usability Testing","CT-UT","v1.0 (2018)","ISTQB_CT-UT_Syllabus_v1.0_2018.pdf","https://istqb.org/?download_id=3607&sdm_process_download=1","https://istqb.org/certifications/certified-tester-usability-testing-ct-ut/","2026-08-20","Vigente","OK","INCLUIDO_PERMITIDO_CON_ATRIBUCION","pdfs/testing-specialist/ISTQB_CT-UT_Syllabus_v1.0_2018.pdf"
"Testing Specialist","Automotive Software Tester","CT-AuT","v2.1.1","ISTQB_CT-AuT_Syllabus_v2.1.1.pdf","https://istqb.org/?download_id=3615&sdm_process_download=1","https://istqb.org/certifications/certified-tester-automotive-software-tester-ct-aut/","2026-08-20","Vigente","OK","NO_INCLUIDO_REQUIERE_PERMISO","pdfs/testing-specialist/ISTQB_CT-AuT_Syllabus_v2.1.1.pdf"
"Testing Specialist","Finance Testing","CT-FT","v1.0","ISTQB_CT-FT_Syllabus_v1.0.pdf","https://istqb.org/wp-content/uploads/2026/05/ISTQB-CT-FT-Syllabus-Release-v1.0.pdf","https://istqb.org/certifications/certified-tester-finance-testing-ct-ft/","2026-08-20","Vigente; nuevo en 2026","OK","NO_INCLUIDO_REQUIERE_PERMISO","pdfs/testing-specialist/ISTQB_CT-FT_Syllabus_v1.0.pdf"
"Testing Specialist","Gambling Industry Tester","CT-GT","v1.0 (2019)","ISTQB_CT-GT_Syllabus_v1.0_2019.pdf","https://istqb.org/?download_id=3632&sdm_process_download=1","https://istqb.org/certifications/certified-tester-gambling-industry-tester-ct-gt/","2026-08-20","Vigente","OK","INCLUIDO_PERMITIDO_CON_ATRIBUCION","pdfs/testing-specialist/ISTQB_CT-GT_Syllabus_v1.0_2019.pdf"
"Testing Specialist","Game Testing","CT-GaMe","v1.0.1","ISTQB_CT-GaMe_Syllabus_v1.0.1.pdf","https://istqb.org/wp-content/uploads/2024/11/ISTQB_CT_GaMe_Syllabus_v1.0.1_LtrKuyi.pdf","https://istqb.org/certifications/certified-tester-game-testing-ct-game/","2026-08-20","Vigente","OK","NO_INCLUIDO_REQUIERE_PERMISO","pdfs/testing-specialist/ISTQB_CT-GaMe_Syllabus_v1.0.1.pdf"
